,ols,ridge,lasso,elastic_net,ridge_cv
Mkt-RF,0.06978923878859195,0.06978126508208785,0.06156727780144456,0.03971423034042071,0.06901126240993474
SMB,0.006931181651896521,0.006930628551042337,0.0,0.0,0.00688372706548959
HML,0.01078077542050184,0.010781317956041998,0.0,0.0,0.0107903422278937
RMW,0.00932734577770873,0.009320209400009945,0.0,-0.0,0.008654171437271554
CMA,0.00892856104133797,0.008917382938936343,0.0,0.0,0.007913013891028046
