model,train_r2,test_r2,rmse,mae,residual_volatility,information_coefficient,notes
ols,0.7556801402942217,0.8245852215324334,0.18573726947353938,0.16124189733819536,0.1849047003837124,0.8845711250774542,Baseline factor model
ridge,0.7556801309891081,0.8245459550059477,0.18575805691622918,0.16126076641499767,0.18492526426171518,0.8845711250774542,Regularized factor model
lasso,0.7322177388732576,0.7181050088384621,0.23545593755109326,0.1985237063158062,0.23571994279114214,0.8374516301031272,Sparse factor selection
elastic_net,0.6157218902582514,0.5732510808908333,0.2897024592691602,0.24089773613885188,0.2888811602029209,0.8374516301031272,Mixed L1/L2 regularization
ridge_cv,0.7555926221452506,0.820694798808921,0.18778565390961954,0.16306610927200685,0.18693155163977998,0.8835594784961873,Ridge with time-series cross-validation
rolling_ridge,0.7119966038989346,0.8253965657040784,0.18530722728818777,0.15423351949603642,0.18635951508079748,0.8627954324156855,Time-varying factor exposure
expanding_ridge,0.7450225974215895,0.832271879988357,0.18162218938698563,0.15742693905138902,0.18097634859788894,0.8872519885178113,Expanding-window factor exposure
