,Mean,Std Dev,Skewness,Kurtosis,Max,Min
Mkt-RF,0.8163863095238094,4.062385285137449,0.09652723614905408,-0.322030408198386,12.6429,-8.5222
SMB,-0.016017261904761857,2.4595712053143775,-0.1800979573749803,-0.30776024253652023,5.9035,-6.363
HML,-0.056821428571428564,1.9616430238631597,0.12697020785780616,-0.04870356596376002,6.6605,-4.3778
RMW,0.452377380952381,1.7486328699120384,0.32277555371272687,-0.13461944321617514,5.6399,-3.4461
CMA,0.11412857142857145,1.5959026400955088,-0.2758145218310035,0.49977458963886345,4.8474,-4.6318
RF,0.21455595238095237,0.11297410370553765,-0.1712457576903746,-1.1387983018801402,0.3969,0.0024
Fund,0.5593642857142858,1.7561456322614204,-0.09070691900595179,-0.252553529503734,4.8365,-3.9908
